"","Package","LibPath","Version","Priority","Depends","Imports","LinkingTo","Suggests","Enhances","License","License_is_FOSS","License_restricts_use","OS_type","MD5sum","NeedsCompilation","Built"
"abind","abind","/home/xllvr/R/x86_64-pc-linux-gnu-library/4.0","1.4-5",NA,"R (>= 1.5.0)","methods, utils",NA,NA,NA,"LGPL (>= 2)",NA,NA,NA,NA,"no","4.0.0"
"acepack","acepack","/home/xllvr/R/x86_64-pc-linux-gnu-library/4.0","1.4.1",NA,NA,NA,NA,"testthat",NA,"MIT + file LICENSE",NA,NA,NA,NA,"yes","4.0.0"
"askpass","askpass","/home/xllvr/R/x86_64-pc-linux-gnu-library/4.0","1.1",NA,NA,"sys (>= 2.1)",NA,"testthat",NA,"MIT + file LICENSE",NA,NA,NA,NA,"yes","4.0.0"
"assertthat","assertthat","/home/xllvr/R/x86_64-pc-linux-gnu-library/4.0","0.2.1",NA,NA,"tools",NA,"testthat, covr",NA,"GPL-3",NA,NA,NA,NA,"no","4.0.0"
"backports","backports","/home/xllvr/R/x86_64-pc-linux-gnu-library/4.0","1.1.6",NA,"R (>= 3.0.0)","utils",NA,NA,NA,"GPL-2 | GPL-3",NA,NA,NA,NA,"yes","4.0.0"
"base64enc","base64enc","/home/xllvr/R/x86_64-pc-linux-gnu-library/4.0","0.1-3",NA,"R (>= 2.9.0)",NA,NA,NA,"png","GPL-2 | GPL-3",NA,NA,NA,NA,"yes","4.0.0"
"BH","BH","/home/xllvr/R/x86_64-pc-linux-gnu-library/4.0","1.72.0-3",NA,NA,NA,NA,NA,NA,"BSL-1.0",NA,NA,NA,NA,"no","4.0.0"
"boot","boot","/home/xllvr/R/x86_64-pc-linux-gnu-library/4.0","1.3-25","recommended","R (>= 3.0.0), graphics, stats",NA,NA,"MASS, survival",NA,"Unlimited",NA,NA,NA,NA,"no","4.0.0"
"brew","brew","/home/xllvr/R/x86_64-pc-linux-gnu-library/4.0","1.0-6",NA,NA,NA,NA,NA,NA,"GPL-2",NA,NA,NA,NA,NA,"4.0.0"
"broom","broom","/home/xllvr/R/x86_64-pc-linux-gnu-library/4.0","0.5.6",NA,"R (>= 3.1)","backports, dplyr, generics (>= 0.0.2), methods, nlme, purrr,
reshape2, stringr, tibble (>= 3.0.0), tidyr",NA,"AER, akima, AUC, bbmle, betareg, biglm, binGroup, boot, brms,
btergm, car, caret, coda, covr, e1071, emmeans, ergm, gam (>=
1.15), gamlss, gamlss.data, gamlss.dist, geepack, ggplot2,
glmnet, gmm, Hmisc, irlba, Kendall, knitr, ks, Lahman, lavaan,
lfe, lme4, lmodel2, lmtest, lsmeans, maps, maptools, MASS,
Matrix, mclust, mgcv, muhaz, multcomp, network, nnet, orcutt
(>= 2.2), ordinal, plm, plyr, poLCA, psych, quantreg, rgeos,
rmarkdown, rsample, rstan, rstanarm, sp, speedglm,
statnet.common, survey, survival, testthat, tseries, zoo",NA,"MIT + file LICENSE",NA,NA,NA,NA,"no","4.0.0"
"callr","callr","/home/xllvr/R/x86_64-pc-linux-gnu-library/4.0","3.4.3",NA,NA,"processx (>= 3.4.0), R6, utils",NA,"cliapp, covr, crayon, fansi, pingr, ps, rprojroot, spelling,
testthat, tibble, withr",NA,"MIT + file LICENSE",NA,NA,NA,NA,"no","4.0.0"
"car","car","/home/xllvr/R/x86_64-pc-linux-gnu-library/4.0","3.0-7",NA,"R (>= 3.5.0), carData (>= 3.0-0)","abind, MASS, mgcv, nnet, pbkrtest (>= 0.4-4), quantreg,
grDevices, utils, stats, graphics, maptools, rio, lme4, nlme",NA,"alr4, boot, coxme, knitr, leaps, lmtest, Matrix,
MatrixModels, rgl (>= 0.93.960), sandwich, SparseM, survival,
survey",NA,"GPL (>= 2)",NA,NA,NA,NA,"no","4.0.0"
"carData","carData","/home/xllvr/R/x86_64-pc-linux-gnu-library/4.0","3.0-3",NA,"R (>= 3.0)",NA,NA,NA,NA,"GPL (>= 2)",NA,NA,NA,NA,"no","4.0.0"
"cellranger","cellranger","/home/xllvr/R/x86_64-pc-linux-gnu-library/4.0","1.1.0",NA,"R (>= 3.0.0)","rematch, tibble",NA,"covr, testthat (>= 1.0.0), knitr, rmarkdown",NA,"MIT + file LICENSE",NA,NA,NA,NA,"no","4.0.0"
"checkmate","checkmate","/home/xllvr/R/x86_64-pc-linux-gnu-library/4.0","2.0.0",NA,"R (>= 3.0.0)","backports (>= 1.1.0), utils",NA,"R6, fastmatch, data.table (>= 1.9.8), devtools, ggplot2,
knitr, magrittr, microbenchmark, rmarkdown, testthat (>=
0.11.0), tinytest (>= 1.1.0), tibble",NA,"BSD_3_clause + file LICENSE",NA,NA,NA,NA,"yes","4.0.0"
"chron","chron","/home/xllvr/R/x86_64-pc-linux-gnu-library/4.0","2.3-55",NA,"R (>= 2.12.0)","graphics, stats",NA,"scales, ggplot2","zoo","GPL-2",NA,NA,NA,NA,"yes","4.0.0"
"class","class","/home/xllvr/R/x86_64-pc-linux-gnu-library/4.0","7.3-17","recommended","R (>= 3.0.0), stats, utils","MASS",NA,NA,NA,"GPL-2 | GPL-3",NA,NA,NA,NA,"yes","4.0.0"
"cli","cli","/home/xllvr/R/x86_64-pc-linux-gnu-library/4.0","2.0.2",NA,"R (>= 2.10)","assertthat, crayon (>= 1.3.4), glue, methods, utils, fansi",NA,"callr, covr, htmlwidgets, knitr, mockery, rmarkdown,
rstudioapi, prettycode (>= 1.1.0), testthat, withr",NA,"MIT + file LICENSE",NA,NA,NA,NA,"no","4.0.0"
"clipr","clipr","/home/xllvr/R/x86_64-pc-linux-gnu-library/4.0","0.7.0",NA,NA,"utils",NA,"covr, knitr, rmarkdown, rstudioapi (>= 0.5), testthat (>=
2.0.0)",NA,"GPL-3",NA,NA,NA,NA,"no","4.0.0"
"colorspace","colorspace","/home/xllvr/R/x86_64-pc-linux-gnu-library/4.0","1.4-1",NA,"R (>= 3.0.0), methods","graphics, grDevices, stats",NA,"datasets, utils, KernSmooth, MASS, kernlab, mvtnorm, vcd,
tcltk, shiny, shinyjs, ggplot2, dplyr, scales, grid, png, jpeg,
knitr, rmarkdown, RColorBrewer, rcartocolor, scico, viridis,
wesanderson",NA,"BSD_3_clause + file LICENSE",NA,NA,NA,NA,"yes","4.0.0"
"commonmark","commonmark","/home/xllvr/R/x86_64-pc-linux-gnu-library/4.0","1.7",NA,NA,NA,NA,"curl, testthat, xml2",NA,"BSD_2_clause + file LICENSE",NA,NA,NA,NA,"yes","4.0.0"
"crayon","crayon","/home/xllvr/R/x86_64-pc-linux-gnu-library/4.0","1.3.4",NA,NA,"grDevices, methods, utils",NA,"mockery, rstudioapi, testthat, withr",NA,"MIT + file LICENSE",NA,NA,NA,NA,"no","4.0.0"
"curl","curl","/home/xllvr/R/x86_64-pc-linux-gnu-library/4.0","4.3",NA,"R (>= 3.0.0)",NA,NA,"spelling, testthat (>= 1.0.0), knitr, jsonlite, rmarkdown,
magrittr, httpuv (>= 1.4.4), webutils",NA,"MIT + file LICENSE",NA,NA,NA,NA,"yes","4.0.0"
"data.table","data.table","/home/xllvr/R/x86_64-pc-linux-gnu-library/4.0","1.12.8",NA,"R (>= 3.1.0)","methods",NA,"bit64, curl, R.utils, knitr, xts, nanotime, zoo, yaml",NA,"MPL-2.0 | file LICENSE",NA,NA,NA,NA,"yes","4.0.0"
"DBI","DBI","/home/xllvr/R/x86_64-pc-linux-gnu-library/4.0","1.1.0",NA,"methods, R (>= 3.0.0)",NA,NA,"blob, covr, hms, knitr, magrittr, rmarkdown, rprojroot,
RSQLite (>= 1.1-2), testthat, xml2",NA,"LGPL (>= 2.1)",NA,NA,NA,NA,"no","4.0.0"
"dbplyr","dbplyr","/home/xllvr/R/x86_64-pc-linux-gnu-library/4.0","1.4.3",NA,"R (>= 3.1)","assertthat (>= 0.2.0), DBI (>= 1.0.0), dplyr (>= 0.8.0), glue
(>= 1.2.0), lifecycle, methods, purrr (>= 0.2.5), R6 (>=
2.2.2), rlang (>= 0.2.0), tibble (>= 1.4.2), tidyselect (>=
0.2.4), utils",NA,"bit64, covr, knitr, Lahman, nycflights13, RMariaDB (>=
1.0.2), rmarkdown, RPostgres (>= 1.1.3), RSQLite (>= 2.1.0),
testthat (>= 2.0.0)",NA,"MIT + file LICENSE",NA,NA,NA,NA,"no","4.0.0"
"desc","desc","/home/xllvr/R/x86_64-pc-linux-gnu-library/4.0","1.2.0",NA,"R (>= 3.1.0)","assertthat, utils, R6, crayon, rprojroot",NA,"covr, testthat, whoami, withr",NA,"MIT + file LICENSE",NA,NA,NA,NA,"no","4.0.0"
"digest","digest","/home/xllvr/R/x86_64-pc-linux-gnu-library/4.0","0.6.25",NA,"R (>= 3.1.0)","utils",NA,"tinytest, knitr, rmarkdown",NA,"GPL (>= 2)",NA,NA,NA,NA,"yes","4.0.0"
"dplyr","dplyr","/home/xllvr/R/x86_64-pc-linux-gnu-library/4.0","0.8.5",NA,"R (>= 3.2.0)","ellipsis, assertthat (>= 0.2.0), glue (>= 1.3.0), magrittr (>=
1.5), methods, pkgconfig, R6, Rcpp (>= 1.0.1), rlang (>=
0.4.0), tibble (>= 2.0.0), tidyselect (>= 0.2.5), utils","BH, plogr (>= 0.2.0), Rcpp (>= 1.0.1)","bit64, callr, covr, crayon (>= 1.3.4), DBI, dbplyr, dtplyr,
ggplot2, hms, knitr, Lahman, lubridate, MASS, mgcv,
microbenchmark, nycflights13, rmarkdown, RMySQL, RPostgreSQL,
RSQLite, testthat, withr, broom, purrr, readr",NA,"MIT + file LICENSE",NA,NA,NA,NA,"yes","4.0.0"
"ellipsis","ellipsis","/home/xllvr/R/x86_64-pc-linux-gnu-library/4.0","0.3.0",NA,"R (>= 3.2)","rlang (>= 0.3.0)",NA,"covr, testthat",NA,"GPL-3",NA,NA,NA,NA,"yes","4.0.0"
"evaluate","evaluate","/home/xllvr/R/x86_64-pc-linux-gnu-library/4.0","0.14",NA,"R (>= 3.0.2)","methods",NA,"testthat, lattice, ggplot2",NA,"MIT + file LICENSE",NA,NA,NA,NA,"no","4.0.0"
"fansi","fansi","/home/xllvr/R/x86_64-pc-linux-gnu-library/4.0","0.4.1",NA,"R (>= 3.1.0)",NA,NA,"unitizer, knitr, rmarkdown",NA,"GPL (>= 2)",NA,NA,NA,NA,"yes","4.0.0"
"farver","farver","/home/xllvr/R/x86_64-pc-linux-gnu-library/4.0","2.0.3",NA,NA,NA,NA,"testthat (>= 2.1.0), covr",NA,"MIT + file LICENSE",NA,NA,NA,NA,"yes","4.0.0"
"forcats","forcats","/home/xllvr/R/x86_64-pc-linux-gnu-library/4.0","0.5.0",NA,"R (>= 3.2)","ellipsis, magrittr, rlang, tibble",NA,"covr, ggplot2, testthat, readr, knitr, rmarkdown, dplyr",NA,"GPL-3",NA,NA,NA,NA,"no","4.0.0"
"foreign","foreign","/home/xllvr/R/x86_64-pc-linux-gnu-library/4.0","0.8-79","recommended","R (>= 4.0.0)","methods, utils, stats",NA,NA,NA,"GPL (>= 2)",NA,NA,NA,NA,"yes","4.0.0"
"Formula","Formula","/home/xllvr/R/x86_64-pc-linux-gnu-library/4.0","1.2-3",NA,"R (>= 2.0.0), stats",NA,NA,NA,NA,"GPL-2 | GPL-3",NA,NA,NA,NA,"no","4.0.0"
"fracdiff","fracdiff","/home/xllvr/R/x86_64-pc-linux-gnu-library/4.0","1.5-1",NA,NA,"stats",NA,"longmemo, forecast, urca",NA,"GPL (>= 2)",NA,NA,NA,NA,"yes","4.0.0"
"fs","fs","/home/xllvr/R/x86_64-pc-linux-gnu-library/4.0","1.4.1",NA,"R (>= 3.1)","methods",NA,"testthat, covr, pillar (>= 1.0.0), tibble (>= 1.1.0), crayon,
rmarkdown, knitr, withr, spelling",NA,"GPL-3",NA,NA,NA,NA,"yes","4.0.0"
"fts","fts","/home/xllvr/R/x86_64-pc-linux-gnu-library/4.0","0.9.9.2",NA,"utils, stats, zoo",NA,"BH",NA,NA,"GPL-3",NA,NA,NA,NA,"yes","4.0.0"
"future","future","/home/xllvr/R/x86_64-pc-linux-gnu-library/4.0","1.17.0",NA,NA,"digest, globals (>= 0.12.5), listenv (>= 0.8.0), parallel,
utils",NA,"RhpcBLASctl, R.rsp, markdown",NA,"LGPL (>= 2.1)",NA,NA,NA,NA,"no","4.0.0"
"gdata","gdata","/home/xllvr/R/x86_64-pc-linux-gnu-library/4.0","2.18.0",NA,"R (>= 2.3.0)","gtools, stats, methods, utils",NA,"RUnit",NA,"GPL-2",NA,NA,NA,NA,"no","4.0.0"
"generics","generics","/home/xllvr/R/x86_64-pc-linux-gnu-library/4.0","0.0.2",NA,"R (>= 3.1)","methods",NA,"covr, pkgload, testthat, tibble",NA,"GPL-2",NA,NA,NA,NA,"no","4.0.0"
"ggplot2","ggplot2","/home/xllvr/R/x86_64-pc-linux-gnu-library/4.0","3.3.0",NA,"R (>= 3.2)","digest, glue, grDevices, grid, gtable (>= 0.1.1), isoband,
MASS, mgcv, rlang (>= 0.3.0), scales (>= 0.5.0), stats, tibble,
withr (>= 2.0.0)",NA,"covr, dplyr, ggplot2movies, hexbin, Hmisc, knitr, lattice,
mapproj, maps, maptools, multcomp, munsell, nlme, profvis,
quantreg, rgeos, rmarkdown, rpart, sf (>= 0.7-3), svglite (>=
1.2.0.9001), testthat (>= 2.1.0), vdiffr (>= 0.3.0)","sp","GPL-2 | file LICENSE",NA,NA,NA,NA,"no","4.0.0"
"globals","globals","/home/xllvr/R/x86_64-pc-linux-gnu-library/4.0","0.12.5",NA,"R (>= 3.1.2)","codetools",NA,NA,NA,"LGPL (>= 2.1)",NA,NA,NA,NA,"no","4.0.0"
"glue","glue","/home/xllvr/R/x86_64-pc-linux-gnu-library/4.0","1.4.0",NA,"R (>= 3.1)","methods",NA,"testthat, covr, magrittr, crayon, knitr, rmarkdown, DBI,
RSQLite, R.utils, forcats, microbenchmark, rprintf, stringr,
ggplot2, dplyr, withr, vctrs (>= 0.2.2)",NA,"MIT + file LICENSE",NA,NA,NA,NA,"yes","4.0.0"
"gower","gower","/home/xllvr/R/x86_64-pc-linux-gnu-library/4.0","0.2.1",NA,NA,NA,NA,"tinytest (>= 0.9.3),",NA,"GPL-3",NA,NA,NA,NA,"yes","4.0.0"
"gridExtra","gridExtra","/home/xllvr/R/x86_64-pc-linux-gnu-library/4.0","2.3",NA,NA,"gtable, grid, grDevices, graphics, utils",NA,"ggplot2, egg, lattice, knitr, testthat",NA,"GPL (>= 2)",NA,NA,NA,NA,"no","4.0.0"
"gtable","gtable","/home/xllvr/R/x86_64-pc-linux-gnu-library/4.0","0.3.0",NA,"R (>= 3.0)","grid",NA,"covr, testthat, knitr, rmarkdown, ggplot2, profvis",NA,"GPL-2",NA,NA,NA,NA,"no","4.0.0"
"gtools","gtools","/home/xllvr/R/x86_64-pc-linux-gnu-library/4.0","3.8.2",NA,"methods, stats, utils",NA,NA,NA,NA,"GPL-2",NA,NA,NA,NA,"yes","4.0.0"
"haven","haven","/home/xllvr/R/x86_64-pc-linux-gnu-library/4.0","2.2.0",NA,"R (>= 3.2)","forcats (>= 0.2.0), hms, Rcpp (>= 0.11.4), readr (>= 0.1.0),
rlang (>= 0.4.0), tibble, tidyselect","Rcpp","covr, fs, knitr, rmarkdown, testthat, pillar (>= 1.4.0), cli,
crayon",NA,"MIT + file LICENSE",NA,NA,NA,NA,"yes","4.0.0"
"here","here","/home/xllvr/R/x86_64-pc-linux-gnu-library/4.0","0.1",NA,NA,"rprojroot (>= 1.2)",NA,NA,NA,"GPL-3",NA,NA,NA,NA,"no","4.0.0"
"hexbin","hexbin","/home/xllvr/R/x86_64-pc-linux-gnu-library/4.0","1.28.1",NA,"R (>= 2.0.1), methods","lattice, grid, graphics, grDevices, stats, utils",NA,"marray, affy, Biobase, limma, knitr",NA,"GPL-2",NA,NA,NA,NA,"yes","4.0.0"
"highr","highr","/home/xllvr/R/x86_64-pc-linux-gnu-library/4.0","0.8",NA,"R (>= 3.2.3)",NA,NA,"knitr, testit",NA,"GPL",NA,NA,NA,NA,"no","4.0.0"
"Hmisc","Hmisc","/home/xllvr/R/x86_64-pc-linux-gnu-library/4.0","4.4-0",NA,"lattice, survival (>= 3.1-6), Formula, ggplot2 (>= 2.2)","methods, latticeExtra, cluster, rpart, nnet, acepack, foreign,
gtable, grid, gridExtra, data.table, htmlTable (>= 1.11.0),
viridis, htmltools, base64enc",NA,"chron, rms, mice, tables, knitr, ff, ffbase, plotly (>=
4.5.6), rlang",NA,"GPL (>= 2)",NA,NA,NA,NA,"yes","4.0.0"
"hms","hms","/home/xllvr/R/x86_64-pc-linux-gnu-library/4.0","0.5.3",NA,NA,"methods, pkgconfig, rlang, vctrs (>= 0.2.1)",NA,"crayon, lubridate, pillar (>= 1.1.0), testthat",NA,"GPL-3",NA,NA,NA,NA,"no","4.0.0"
"htmlTable","htmlTable","/home/xllvr/R/x86_64-pc-linux-gnu-library/4.0","1.13.3",NA,NA,"stringr, knitr (>= 1.6), magrittr (>= 1.5), methods,
checkmate, htmlwidgets, htmltools, rstudioapi (>= 0.6)",NA,"testthat, XML, xtable, ztable, Hmisc, reshape, rmarkdown,
pander, chron, lubridate, tibble, tidyr (>= 0.7.2), dplyr (>=
0.7.4)",NA,"GPL (>= 3)",NA,NA,NA,NA,"no","4.0.0"
"htmltools","htmltools","/home/xllvr/R/x86_64-pc-linux-gnu-library/4.0","0.4.0",NA,"R (>= 2.14.1)","utils, digest, Rcpp, rlang","Rcpp","markdown, testthat, withr","knitr","GPL (>= 2)",NA,NA,NA,NA,"yes","4.0.0"
"htmlwidgets","htmlwidgets","/home/xllvr/R/x86_64-pc-linux-gnu-library/4.0","1.5.1",NA,NA,"grDevices, htmltools (>= 0.3), jsonlite (>= 0.9.16), yaml",NA,"knitr (>= 1.8)","shiny (>= 1.1)","MIT + file LICENSE",NA,NA,NA,NA,"no","4.0.0"
"httr","httr","/home/xllvr/R/x86_64-pc-linux-gnu-library/4.0","1.4.1",NA,"R (>= 3.2)","curl (>= 3.0.0), jsonlite, mime, openssl (>= 0.8), R6",NA,"covr, httpuv, jpeg, knitr, png, readr, rmarkdown, testthat
(>= 0.8.0), xml2",NA,"MIT + file LICENSE",NA,NA,NA,NA,"no","4.0.0"
"ipred","ipred","/home/xllvr/R/x86_64-pc-linux-gnu-library/4.0","0.9-9",NA,"R (>= 2.10)","rpart (>= 3.1-8), MASS, survival, nnet, class, prodlim",NA,"mvtnorm, mlbench, TH.data",NA,"GPL (>= 2)",NA,NA,NA,NA,"yes","4.0.0"
"isoband","isoband","/home/xllvr/R/x86_64-pc-linux-gnu-library/4.0","0.2.1",NA,NA,"Rcpp, grid, utils","Rcpp, testthat","covr, ggplot2, knitr, magick, microbenchmark, rmarkdown, sf,
testthat",NA,"MIT + file LICENSE",NA,NA,NA,NA,"yes","4.0.0"
"jpeg","jpeg","/home/xllvr/R/x86_64-pc-linux-gnu-library/4.0","0.1-8.1",NA,"R (>= 2.9.0)",NA,NA,NA,NA,"GPL-2 | GPL-3",NA,NA,NA,NA,"yes","4.0.0"
"jsonlite","jsonlite","/home/xllvr/R/x86_64-pc-linux-gnu-library/4.0","1.6.1",NA,"methods",NA,NA,"httr, curl, plyr, testthat, knitr, rmarkdown, R.rsp, sp",NA,"MIT + file LICENSE",NA,NA,NA,NA,"yes","4.0.0"
"KernSmooth","KernSmooth","/home/xllvr/R/x86_64-pc-linux-gnu-library/4.0","2.23-17","recommended","R (>= 2.5.0), stats",NA,NA,"MASS",NA,"Unlimited",NA,NA,NA,NA,"yes","4.0.0"
"knitr","knitr","/home/xllvr/R/x86_64-pc-linux-gnu-library/4.0","1.28",NA,"R (>= 3.2.3)","evaluate (>= 0.10), highr, markdown, stringr (>= 0.6), yaml
(>= 2.1.19), methods, xfun, tools",NA,"formatR, testit, digest, rgl (>= 0.95.1201), codetools,
rmarkdown, htmlwidgets (>= 0.7), webshot, tikzDevice (>= 0.10),
tinytex, reticulate (>= 1.4), JuliaCall (>= 0.11.1), magick,
png, jpeg, gifski, xml2 (>= 1.2.0), httr, DBI (>= 0.4-1),
showtext, tibble, sass, styler (>= 1.2.0)",NA,"GPL",NA,NA,NA,NA,"no","4.0.0"
"labeling","labeling","/home/xllvr/R/x86_64-pc-linux-gnu-library/4.0","0.3",NA,NA,NA,NA,NA,NA,"MIT + file LICENSE | Unlimited",NA,NA,NA,NA,"no","4.0.0"
"later","later","/home/xllvr/R/x86_64-pc-linux-gnu-library/4.0","1.0.0",NA,NA,"Rcpp (>= 0.12.9), rlang","Rcpp, BH","knitr, rmarkdown, testthat",NA,"GPL (>= 2)",NA,NA,NA,NA,"yes","4.0.0"
"latticeExtra","latticeExtra","/home/xllvr/R/x86_64-pc-linux-gnu-library/4.0","0.6-29",NA,"R (>= 3.6.0), lattice","grid, stats, utils, grDevices, png, jpeg, RColorBrewer",NA,"maps, mapproj, deldir, tripack, quantreg, zoo, MASS, mgcv",NA,"GPL (>= 2)",NA,NA,NA,NA,"no","4.0.0"
"lava","lava","/home/xllvr/R/x86_64-pc-linux-gnu-library/4.0","1.6.7",NA,"R (>= 3.0)","grDevices, graphics, methods, numDeriv, stats, survival,
SQUAREM, utils",NA,"KernSmooth, Matrix, Rgraphviz, data.table, ellipse, fields,
foreach, geepack, gof (>= 0.9), graph, igraph (>= 0.6),
lava.tobit (>= 0.4.7), lme4, mets (>= 1.1), nlme, optimx,
polycor, quantreg, rgl, testthat (>= 0.11), visNetwork, zoo",NA,"GPL-3",NA,NA,NA,NA,"no","4.0.0"
"lavaan","lavaan","/home/xllvr/R/x86_64-pc-linux-gnu-library/4.0","0.6-5",NA,"R(>= 3.4)","methods, stats4, stats, utils, graphics, MASS, mnormt,
pbivnorm, numDeriv",NA,NA,NA,"GPL (>= 2)",NA,NA,NA,NA,"no","4.0.0"
"lazyeval","lazyeval","/home/xllvr/R/x86_64-pc-linux-gnu-library/4.0","0.2.2",NA,"R (>= 3.1.0)",NA,NA,"knitr, rmarkdown (>= 0.2.65), testthat, covr",NA,"GPL-3",NA,NA,NA,NA,"yes","4.0.0"
"lifecycle","lifecycle","/home/xllvr/R/x86_64-pc-linux-gnu-library/4.0","0.2.0",NA,"R (>= 3.2)","glue, rlang (>= 0.4.0)",NA,"covr, crayon, knitr, rmarkdown, testthat (>= 2.1.0)",NA,"GPL-3",NA,NA,NA,NA,"no","4.0.0"
"listenv","listenv","/home/xllvr/R/x86_64-pc-linux-gnu-library/4.0","0.8.0",NA,"R (>= 3.1.2)",NA,NA,"R.utils, R.rsp, markdown",NA,"LGPL (>= 2.1)",NA,NA,NA,NA,"no","4.0.0"
"lme4","lme4","/home/xllvr/R/x86_64-pc-linux-gnu-library/4.0","1.1-23",NA,"R (>= 3.2.0), Matrix (>= 1.2-1), methods, stats","graphics, grid, splines, utils, parallel, MASS, lattice, boot,
nlme (>= 3.1-123), minqa (>= 1.1.15), nloptr (>= 1.0.4),
statmod","Rcpp (>= 0.10.5), RcppEigen","knitr, rmarkdown, PKPDmodels, MEMSS, testthat (>= 0.8.1),
ggplot2, mlmRev, optimx (>= 2013.8.6), gamm4, pbkrtest, HSAUR2,
numDeriv, car, dfoptim",NA,"GPL (>= 2)",NA,NA,NA,NA,"yes","4.0.0"
"lmtest","lmtest","/home/xllvr/R/x86_64-pc-linux-gnu-library/4.0","0.9-37",NA,"R (>= 3.0.0), stats, zoo","graphics",NA,"car, strucchange, sandwich, dynlm, stats4, survival, AER",NA,"GPL-2 | GPL-3",NA,NA,NA,NA,"yes","4.0.0"
"lubridate","lubridate","/home/xllvr/R/x86_64-pc-linux-gnu-library/4.0","1.7.8",NA,"methods, R (>= 3.2)","generics, Rcpp (>= 0.12.13)","Rcpp","covr, knitr, testthat","chron, timeDate, tis, zoo","GPL (>= 2)",NA,NA,NA,NA,"yes","4.0.0"
"magrittr","magrittr","/home/xllvr/R/x86_64-pc-linux-gnu-library/4.0","1.5",NA,NA,NA,NA,"testthat, knitr",NA,"MIT + file LICENSE",NA,NA,NA,NA,"no","4.0.0"
"maptools","maptools","/home/xllvr/R/x86_64-pc-linux-gnu-library/4.0","0.9-9",NA,"R (>= 2.10), sp (>= 1.0-11)","foreign (>= 0.8), methods, grid, lattice, stats, utils,
grDevices",NA,"rgeos (>= 0.1-8), spatstat (>= 1.60), PBSmapping, maps,
RColorBrewer, raster, polyclip, spatstat.utils","gpclib, RArcInfo","GPL (>= 2)",NA,NA,NA,NA,"yes","4.0.0"
"markdown","markdown","/home/xllvr/R/x86_64-pc-linux-gnu-library/4.0","1.1",NA,"R (>= 2.11.1)","utils, xfun, mime (>= 0.3)",NA,"knitr, RCurl",NA,"GPL-2",NA,NA,NA,NA,"yes","4.0.0"
"MASS","MASS","/home/xllvr/R/x86_64-pc-linux-gnu-library/4.0","7.3-51.6","recommended","R (>= 3.1.0), grDevices, graphics, stats, utils","methods",NA,"lattice, nlme, nnet, survival",NA,"GPL-2 | GPL-3",NA,NA,NA,NA,"yes","4.0.0"
"MatrixModels","MatrixModels","/home/xllvr/R/x86_64-pc-linux-gnu-library/4.0","0.4-1",NA,"R (>= 3.0.1)","stats, methods, Matrix (>= 1.1-5)",NA,NA,NA,"GPL (>= 2)",NA,NA,NA,NA,"no","4.0.0"
"mice","mice","/home/xllvr/R/x86_64-pc-linux-gnu-library/4.0","3.8.0",NA,"R (>= 2.10.0)","broom, dplyr, graphics, lattice, methods, stats, tidyr, utils","Rcpp","knitr, lme4, MASS, mitml, miceadds, nnet, pan, randomForest,
rmarkdown, rpart, survival, testthat",NA,"GPL-2 | GPL-3",NA,NA,NA,NA,"yes","4.0.0"
"mime","mime","/home/xllvr/R/x86_64-pc-linux-gnu-library/4.0","0.9",NA,NA,"tools",NA,NA,NA,"GPL",NA,NA,NA,NA,"yes","4.0.0"
"minqa","minqa","/home/xllvr/R/x86_64-pc-linux-gnu-library/4.0","1.2.4",NA,NA,"Rcpp (>= 0.9.10)","Rcpp",NA,NA,"GPL-2",NA,NA,NA,NA,"yes","4.0.0"
"mnormt","mnormt","/home/xllvr/R/x86_64-pc-linux-gnu-library/4.0","1.5-6",NA,"R (>= 2.2.0)",NA,NA,NA,NA,"GPL-2 | GPL-3",NA,NA,NA,NA,"yes","4.0.0"
"modelr","modelr","/home/xllvr/R/x86_64-pc-linux-gnu-library/4.0","0.1.6",NA,"R (>= 3.2)","broom, dplyr, magrittr, purrr (>= 0.2.2), rlang (>= 0.2.0),
tibble, tidyr (>= 0.8.0), tidyselect",NA,"compiler, covr, ggplot2, testthat",NA,"GPL-3",NA,NA,NA,NA,"no","4.0.0"
"multcomp","multcomp","/home/xllvr/R/x86_64-pc-linux-gnu-library/4.0","1.4-13",NA,"stats, graphics, mvtnorm (>= 1.0-10), survival (>= 2.39-4),
TH.data (>= 1.0-2)","sandwich (>= 2.3-0), codetools",NA,"lme4 (>= 0.999375-16), nlme, robustbase, coin, MASS, foreign,
xtable, lmtest, coxme (>= 2.2-1), SimComp, ISwR, tram (>=
0.2-5)",NA,"GPL-2",NA,NA,NA,NA,"no","4.0.0"
"munsell","munsell","/home/xllvr/R/x86_64-pc-linux-gnu-library/4.0","0.5.0",NA,NA,"colorspace, methods",NA,"ggplot2, testthat",NA,"MIT + file LICENSE",NA,NA,NA,NA,"no","4.0.0"
"mvtnorm","mvtnorm","/home/xllvr/R/x86_64-pc-linux-gnu-library/4.0","1.1-0",NA,"R(>= 3.5.0)","stats, methods",NA,NA,NA,"GPL-2",NA,NA,NA,NA,"yes","4.0.0"
"nloptr","nloptr","/home/xllvr/R/x86_64-pc-linux-gnu-library/4.0","1.2.2.1",NA,NA,NA,NA,"testthat (>= 0.8.1), knitr, rmarkdown, inline (>= 0.3.14)",NA,"LGPL-3",NA,NA,NA,NA,"yes","4.0.0"
"nnet","nnet","/home/xllvr/R/x86_64-pc-linux-gnu-library/4.0","7.3-14","recommended","R (>= 3.0.0), stats, utils",NA,NA,"MASS",NA,"GPL-2 | GPL-3",NA,NA,NA,NA,"yes","4.0.0"
"numDeriv","numDeriv","/home/xllvr/R/x86_64-pc-linux-gnu-library/4.0","2016.8-1.1",NA,"R (>= 2.11.1)",NA,NA,NA,NA,"GPL-2",NA,NA,NA,NA,"no","4.0.0"
"nvimcom","nvimcom","/home/xllvr/R/x86_64-pc-linux-gnu-library/4.0","0.9-88",NA,"R (>= 3.0.0)","methods, tools",NA,"knitr, rmarkdown",NA,"GPL (>= 2)",NA,NA,NA,NA,"yes","4.0.0"
"openssl","openssl","/home/xllvr/R/x86_64-pc-linux-gnu-library/4.0","1.4.1",NA,NA,"askpass",NA,"testthat, digest, knitr, rmarkdown, jsonlite, jose, sodium",NA,"MIT + file LICENSE",NA,NA,NA,NA,"yes","4.0.0"
"openxlsx","openxlsx","/home/xllvr/R/x86_64-pc-linux-gnu-library/4.0","4.1.4",NA,"R (>= 3.3.0)","grDevices, methods, Rcpp, stats, utils, zip, stringi","Rcpp","knitr, testthat, roxygen2",NA,"MIT + file LICENSE",NA,NA,NA,NA,"yes","4.0.0"
"padr","padr","/home/xllvr/R/x86_64-pc-linux-gnu-library/4.0","0.5.1",NA,"R (>= 3.0.0)","Rcpp, dplyr (>= 0.6.0), lubridate, rlang","Rcpp","ggplot2, testthat, knitr, rmarkdown, lazyeval, tidyr,
data.table",NA,"MIT + file LICENSE",NA,NA,NA,NA,"yes","4.0.0"
"pbivnorm","pbivnorm","/home/xllvr/R/x86_64-pc-linux-gnu-library/4.0","0.6.0",NA,NA,NA,NA,NA,NA,"GPL (>= 2)",NA,NA,NA,NA,"yes","4.0.0"
"pbkrtest","pbkrtest","/home/xllvr/R/x86_64-pc-linux-gnu-library/4.0","0.4-8.6",NA,"R (>= 3.6.0), lme4 (>= 1.1.10)","Matrix (>= 1.2.3), parallel, magrittr, MASS, methods",NA,NA,NA,"GPL (>= 2)",NA,NA,NA,NA,"no","4.0.0"
"PerformanceAnalytics","PerformanceAnalytics","/home/xllvr/R/x86_64-pc-linux-gnu-library/4.0","2.0.4",NA,"R (>= 3.5.0), xts (>= 0.10.0)","methods, quadprog, zoo",NA,"dygraphs, Hmisc, MASS, quantmod, gamlss, gamlss.dist,
robustbase, quantreg, tinytest, ggplot2, RColorBrewer,
googleVis, plotly, gridExtra, ggpubr, RPESE, R.rsp, RobStatTM",NA,"GPL-2 | GPL-3",NA,NA,NA,NA,"yes","4.0.0"
"pillar","pillar","/home/xllvr/R/x86_64-pc-linux-gnu-library/4.0","1.4.3",NA,NA,"cli, crayon (>= 1.3.4), fansi, rlang (>= 0.3.0), utf8 (>=
1.1.0), vctrs (>= 0.2.0)",NA,"knitr, lubridate, testthat (>= 2.0.0), withr",NA,"GPL-3",NA,NA,NA,NA,"no","4.0.0"
"pkgbuild","pkgbuild","/home/xllvr/R/x86_64-pc-linux-gnu-library/4.0","1.0.7",NA,"R (>= 3.1)","callr (>= 3.2.0), cli, crayon, desc, prettyunits, R6,
rprojroot, withr (>= 2.1.2)",NA,"Rcpp, testthat, covr",NA,"GPL-3",NA,NA,NA,NA,"no","4.0.0"
"pkgconfig","pkgconfig","/home/xllvr/R/x86_64-pc-linux-gnu-library/4.0","2.0.3",NA,NA,"utils",NA,"covr, testthat, disposables (>= 1.0.3)",NA,"MIT + file LICENSE",NA,NA,NA,NA,"no","4.0.0"
"pkgload","pkgload","/home/xllvr/R/x86_64-pc-linux-gnu-library/4.0","1.0.2",NA,NA,"desc, methods, pkgbuild, rlang, rprojroot, rstudioapi, utils,
withr",NA,"bitops, covr, Rcpp, testthat",NA,"GPL-3",NA,NA,NA,NA,"yes","4.0.0"
"plogr","plogr","/home/xllvr/R/x86_64-pc-linux-gnu-library/4.0","0.2.0",NA,NA,NA,NA,"Rcpp",NA,"MIT + file LICENSE",NA,NA,NA,NA,"no","4.0.0"
"plyr","plyr","/home/xllvr/R/x86_64-pc-linux-gnu-library/4.0","1.8.6",NA,"R (>= 3.1.0)","Rcpp (>= 0.11.0)","Rcpp","abind, covr, doParallel, foreach, iterators, itertools,
tcltk, testthat",NA,"MIT + file LICENSE",NA,NA,NA,NA,"yes","4.0.0"
"png","png","/home/xllvr/R/x86_64-pc-linux-gnu-library/4.0","0.1-7",NA,"R (>= 2.9.0)",NA,NA,NA,NA,"GPL-2 | GPL-3",NA,NA,NA,NA,"yes","4.0.0"
"praise","praise","/home/xllvr/R/x86_64-pc-linux-gnu-library/4.0","1.0.0",NA,NA,NA,NA,"testthat",NA,"MIT + file LICENSE",NA,NA,NA,NA,"no","4.0.0"
"prettyunits","prettyunits","/home/xllvr/R/x86_64-pc-linux-gnu-library/4.0","1.1.1",NA,NA,NA,NA,"codetools, covr, testthat",NA,"MIT + file LICENSE",NA,NA,NA,NA,"no","4.0.0"
"pROC","pROC","/home/xllvr/R/x86_64-pc-linux-gnu-library/4.0","1.16.2",NA,"R (>= 2.14)","methods, plyr, Rcpp (>= 0.11.1)","Rcpp","microbenchmark, tcltk, MASS, logcondens, doParallel,
testthat, vdiffr, ggplot2",NA,"GPL (>= 3)",NA,NA,NA,NA,"yes","4.0.0"
"processx","processx","/home/xllvr/R/x86_64-pc-linux-gnu-library/4.0","3.4.2",NA,NA,"ps (>= 1.2.0), R6, utils",NA,"callr (>= 3.2.0), codetools, covr, crayon, curl, debugme,
parallel, testthat, withr",NA,"MIT + file LICENSE",NA,NA,NA,NA,"yes","4.0.0"
"prodlim","prodlim","/home/xllvr/R/x86_64-pc-linux-gnu-library/4.0","2019.11.13",NA,"R (>= 2.9.0)","Rcpp (>= 0.11.5), stats, grDevices, graphics, survival,
KernSmooth, lava","Rcpp",NA,NA,"GPL (>= 2)",NA,NA,NA,NA,"yes","4.0.0"
"progress","progress","/home/xllvr/R/x86_64-pc-linux-gnu-library/4.0","1.2.2",NA,NA,"hms, prettyunits, R6, crayon",NA,"Rcpp, testthat, withr",NA,"MIT + file LICENSE",NA,NA,NA,NA,"no","4.0.0"
"ps","ps","/home/xllvr/R/x86_64-pc-linux-gnu-library/4.0","1.3.2",NA,"R (>= 3.1)","utils",NA,"callr, covr, curl, pingr, processx (>= 3.1.0), R6, rlang,
testthat, tibble",NA,"BSD_3_clause + file LICENSE",NA,NA,NA,NA,"yes","4.0.0"
"purrr","purrr","/home/xllvr/R/x86_64-pc-linux-gnu-library/4.0","0.3.4",NA,"R (>= 3.2)","magrittr (>= 1.5), rlang (>= 0.3.1)",NA,"covr, crayon, dplyr (>= 0.7.8), knitr, rmarkdown, testthat,
tibble, tidyselect",NA,"GPL-3 | file LICENSE",NA,NA,NA,NA,"yes","4.0.0"
"quadprog","quadprog","/home/xllvr/R/x86_64-pc-linux-gnu-library/4.0","1.5-8",NA,"R (>= 3.1.0)",NA,NA,NA,NA,"GPL (>= 2)",NA,NA,NA,NA,"yes","4.0.0"
"quantreg","quantreg","/home/xllvr/R/x86_64-pc-linux-gnu-library/4.0","5.55",NA,"R (>= 2.6), stats, SparseM","methods, graphics, Matrix, MatrixModels",NA,"tripack, akima, MASS, survival, rgl, logspline, nor1mix,
Formula, zoo, R.rsp",NA,"GPL (>= 2)",NA,NA,NA,NA,"yes","4.0.0"
"R6","R6","/home/xllvr/R/x86_64-pc-linux-gnu-library/4.0","2.4.1",NA,"R (>= 3.0)",NA,NA,"knitr, microbenchmark, pryr, testthat, ggplot2, scales",NA,"MIT + file LICENSE",NA,NA,NA,NA,"no","4.0.0"
"Rblpapi","Rblpapi","/home/xllvr/R/x86_64-pc-linux-gnu-library/4.0","0.3.10",NA,NA,"Rcpp (>= 0.11.0), utils","Rcpp, BH","fts, xts, zoo, data.table, knitr, RUnit",NA,"file LICENSE",NA,NA,NA,NA,"yes","4.0.0"
"RColorBrewer","RColorBrewer","/home/xllvr/R/x86_64-pc-linux-gnu-library/4.0","1.1-2",NA,"R (>= 2.0.0)",NA,NA,NA,NA,"Apache License 2.0",NA,NA,NA,NA,"no","4.0.0"
"Rcpp","Rcpp","/home/xllvr/R/x86_64-pc-linux-gnu-library/4.0","1.0.4.6",NA,NA,"methods, utils",NA,"tinytest, inline, rbenchmark, pkgKitten (>= 0.1.2)",NA,"GPL (>= 2)",NA,NA,NA,NA,"yes","4.0.0"
"RcppArmadillo","RcppArmadillo","/home/xllvr/R/x86_64-pc-linux-gnu-library/4.0","0.9.870.2.0",NA,"R (>= 3.3.0)","Rcpp (>= 0.11.0), stats, utils, methods","Rcpp","tinytest, Matrix, pkgKitten, reticulate, slam",NA,"GPL (>= 2)",NA,NA,NA,NA,"yes","4.0.0"
"RcppEigen","RcppEigen","/home/xllvr/R/x86_64-pc-linux-gnu-library/4.0","0.3.3.7.0",NA,"R (>= 2.15.1)","Matrix (>= 1.1-0), Rcpp (>= 0.11.0), stats, utils","Rcpp","inline, tinytest, pkgKitten, microbenchmark",NA,"GPL (>= 2) | file LICENSE",NA,NA,NA,NA,"yes","4.0.0"
"readr","readr","/home/xllvr/R/x86_64-pc-linux-gnu-library/4.0","1.3.1",NA,"R (>= 3.1)","Rcpp (>= 0.12.0.5), tibble, hms (>= 0.4.1), R6, clipr, crayon,
methods","Rcpp, BH","curl, testthat, knitr, rmarkdown, stringi, covr, spelling",NA,"GPL (>= 2) | file LICENSE",NA,NA,NA,NA,"yes","4.0.0"
"readxl","readxl","/home/xllvr/R/x86_64-pc-linux-gnu-library/4.0","1.3.1",NA,NA,"cellranger, Rcpp (>= 0.12.18), tibble (>= 1.3.1), utils","progress, Rcpp","covr, knitr, rmarkdown, rprojroot (>= 1.1), testthat",NA,"GPL-3",NA,NA,NA,NA,"yes","4.0.0"
"rematch","rematch","/home/xllvr/R/x86_64-pc-linux-gnu-library/4.0","1.0.1",NA,NA,NA,NA,"covr, testthat",NA,"MIT + file LICENSE",NA,NA,NA,NA,"no","4.0.0"
"reprex","reprex","/home/xllvr/R/x86_64-pc-linux-gnu-library/4.0","0.3.0",NA,"R (>= 3.1)","callr (>= 2.0.0), clipr (>= 0.4.0), fs, rlang, rmarkdown,
utils, whisker, withr",NA,"covr, devtools, fortunes, knitr, miniUI, rprojroot,
rstudioapi, shiny, styler (>= 1.0.2), testthat (>= 2.0.0)",NA,"MIT + file LICENSE",NA,NA,NA,NA,"no","4.0.0"
"reshape2","reshape2","/home/xllvr/R/x86_64-pc-linux-gnu-library/4.0","1.4.4",NA,"R (>= 3.1)","plyr (>= 1.8.1), Rcpp, stringr","Rcpp","covr, lattice, testthat (>= 0.8.0)",NA,"MIT + file LICENSE",NA,NA,NA,NA,"yes","4.0.0"
"rex","rex","/home/xllvr/R/x86_64-pc-linux-gnu-library/4.0","1.2.0",NA,NA,"lazyeval",NA,"testthat, knitr, rmarkdown, dplyr, ggplot2, magrittr, Hmisc,
stringr, rvest, roxygen2, covr",NA,"MIT + file LICENSE",NA,NA,NA,NA,"no","4.0.0"
"rio","rio","/home/xllvr/R/x86_64-pc-linux-gnu-library/4.0","0.5.16",NA,"R (>= 2.15.0)","tools, stats, utils, foreign, haven (>= 1.1.0), curl (>= 0.6),
data.table (>= 1.9.8), readxl (>= 0.1.1), openxlsx, tibble",NA,"datasets, bit64, testthat, knitr, magrittr, clipr, csvy,
feather, fst, hexView, jsonlite, readODS (>= 1.6.4), readr,
rmatio, xml2 (>= 1.2.0), yaml",NA,"GPL-2",NA,NA,NA,NA,"no","4.0.0"
"rlang","rlang","/home/xllvr/R/x86_64-pc-linux-gnu-library/4.0","0.4.5",NA,"R (>= 3.2.0)",NA,NA,"cli, covr, crayon, glue, magrittr, methods, pillar,
rmarkdown, testthat (>= 2.3.0), vctrs (>= 0.2.3)",NA,"GPL-3",NA,NA,NA,NA,"yes","4.0.0"
"rmarkdown","rmarkdown","/home/xllvr/R/x86_64-pc-linux-gnu-library/4.0","2.1",NA,"R (>= 3.0)","tools, utils, knitr (>= 1.22), yaml (>= 2.1.19), htmltools (>=
0.3.5), evaluate (>= 0.13), base64enc, jsonlite, mime, tinytex
(>= 0.11), xfun, methods, stringr (>= 1.2.0)",NA,"shiny (>= 0.11), tufte, testthat, digest, dygraphs, tibble,
fs, pkgdown, callr (>= 2.0.0)",NA,"GPL-3",NA,NA,NA,NA,"no","4.0.0"
"rprojroot","rprojroot","/home/xllvr/R/x86_64-pc-linux-gnu-library/4.0","1.3-2",NA,"R (>= 3.0.0)","backports",NA,"testthat, mockr, knitr, withr, rmarkdown",NA,"GPL-3",NA,NA,NA,NA,"no","4.0.0"
"rstudioapi","rstudioapi","/home/xllvr/R/x86_64-pc-linux-gnu-library/4.0","0.11",NA,NA,NA,NA,"testthat, knitr, rmarkdown, clipr",NA,"MIT + file LICENSE",NA,NA,NA,NA,"no","4.0.0"
"RUnit","RUnit","/home/xllvr/R/x86_64-pc-linux-gnu-library/4.0","0.4.32",NA,"R (>= 2.5.0), utils (>= 2.5.0), methods (>= 2.5.0), graphics
(>= 2.5.0)",NA,NA,"XML (>= 3.1.0)",NA,"GPL-2",NA,NA,NA,NA,"no","4.0.0"
"rvest","rvest","/home/xllvr/R/x86_64-pc-linux-gnu-library/4.0","0.3.5",NA,"R (>= 3.2), xml2","httr (>= 0.5), magrittr, selectr",NA,"covr, knitr, png, rmarkdown, spelling, stringi (>= 0.3.1),
testthat",NA,"GPL-3",NA,NA,NA,NA,"no","4.0.0"
"sandwich","sandwich","/home/xllvr/R/x86_64-pc-linux-gnu-library/4.0","2.5-1",NA,"R (>= 2.10.0)","stats, utils, zoo",NA,"AER, car, geepack, lattice, lmtest, MASS, multiwayvcov,
parallel, pcse, plm, pscl, scatterplot3d, stats4, strucchange,
survival",NA,"GPL-2 | GPL-3",NA,NA,NA,NA,"no","4.0.0"
"scales","scales","/home/xllvr/R/x86_64-pc-linux-gnu-library/4.0","1.1.0",NA,"R (>= 3.2)","farver (>= 2.0.0), labeling, munsell (>= 0.5), R6,
RColorBrewer, viridisLite, lifecycle",NA,"bit64, covr, dichromat, hms, testthat (>= 2.1.0), ggplot2",NA,"MIT + file LICENSE",NA,NA,NA,NA,"no","4.0.0"
"selectr","selectr","/home/xllvr/R/x86_64-pc-linux-gnu-library/4.0","0.4-2",NA,"R (>= 3.0)","methods, stringr, R6",NA,"testthat, XML, xml2",NA,"BSD_3_clause + file LICENCE",NA,NA,NA,NA,"no","4.0.0"
"semTools","semTools","/home/xllvr/R/x86_64-pc-linux-gnu-library/4.0","0.5-2",NA,"R(>= 3.4), utils, stats, graphics, lavaan(>= 0.6-5)","methods",NA,"MASS, foreign, parallel, boot, Amelia, mice, GPArotation,
mnormt, blavaan",NA,"GPL (>= 2)",NA,NA,NA,NA,"no","4.0.0"
"slider","slider","/home/xllvr/R/x86_64-pc-linux-gnu-library/4.0","0.1.2",NA,"R (>= 3.2)","glue, rlang (>= 0.4.5), vctrs (>= 0.2.4), warp","vctrs (>= 0.2.4)","covr, dplyr (>= 0.8.3), knitr, lubridate, rmarkdown, testthat
(>= 2.1.0), xml2",NA,"MIT + file LICENSE",NA,NA,NA,NA,"yes","4.0.0"
"sp","sp","/home/xllvr/R/x86_64-pc-linux-gnu-library/4.0","1.4-1",NA,"R (>= 3.0.0), methods","utils, stats, graphics, grDevices, lattice, grid",NA,"RColorBrewer, rgdal (>= 1.2-3), rgeos (>= 0.3-13), gstat,
maptools, deldir",NA,"GPL (>= 2)",NA,NA,NA,NA,"yes","4.0.0"
"SparseM","SparseM","/home/xllvr/R/x86_64-pc-linux-gnu-library/4.0","1.78",NA,"R (>= 2.15), methods","graphics, stats, utils",NA,NA,NA,"GPL (>= 2)",NA,NA,NA,NA,"yes","4.0.0"
"spatial","spatial","/home/xllvr/R/x86_64-pc-linux-gnu-library/4.0","7.3-12","recommended","R (>= 3.0.0), graphics, stats, utils",NA,NA,"MASS",NA,"GPL-2 | GPL-3",NA,NA,NA,NA,"yes","4.0.0"
"SQUAREM","SQUAREM","/home/xllvr/R/x86_64-pc-linux-gnu-library/4.0","2020.2",NA,"R (>= 3.0)",NA,NA,"setRNG",NA,"GPL (>= 2)",NA,NA,NA,NA,"no","4.0.0"
"statmod","statmod","/home/xllvr/R/x86_64-pc-linux-gnu-library/4.0","1.4.34",NA,"R (>= 3.0.0)","stats, graphics",NA,"MASS, tweedie",NA,"GPL-2 | GPL-3",NA,NA,NA,NA,"yes","4.0.0"
"stringi","stringi","/home/xllvr/R/x86_64-pc-linux-gnu-library/4.0","1.4.6",NA,"R (>= 2.14)","tools, utils, stats",NA,NA,NA,"file LICENSE","yes",NA,NA,NA,"yes","4.0.0"
"stringr","stringr","/home/xllvr/R/x86_64-pc-linux-gnu-library/4.0","1.4.0",NA,"R (>= 3.1)","glue (>= 1.2.0), magrittr, stringi (>= 1.1.7)",NA,"covr, htmltools, htmlwidgets, knitr, rmarkdown, testthat",NA,"GPL-2 | file LICENSE",NA,NA,NA,NA,"no","4.0.0"
"sys","sys","/home/xllvr/R/x86_64-pc-linux-gnu-library/4.0","3.3",NA,NA,NA,NA,"unix (>= 1.4), spelling, testthat",NA,"MIT + file LICENSE",NA,NA,NA,NA,"yes","4.0.0"
"testthat","testthat","/home/xllvr/R/x86_64-pc-linux-gnu-library/4.0","2.3.2",NA,"R (>= 3.1)","cli, crayon (>= 1.3.4), digest, ellipsis, evaluate, magrittr,
methods, pkgload, praise, R6 (>= 2.2.0), rlang (>= 0.4.1),
withr (>= 2.0.0)",NA,"covr, curl (>= 0.9.5), devtools, knitr, rmarkdown, usethis,
vctrs (>= 0.1.0), xml2",NA,"MIT + file LICENSE",NA,NA,NA,NA,"yes","4.0.0"
"TH.data","TH.data","/home/xllvr/R/x86_64-pc-linux-gnu-library/4.0","1.0-10",NA,"R (>= 2.10.0), survival, MASS",NA,NA,"dplyr, gdata, plyr",NA,"GPL-3",NA,NA,NA,NA,"no","4.0.0"
"tibble","tibble","/home/xllvr/R/x86_64-pc-linux-gnu-library/4.0","3.0.1",NA,"R (>= 3.1.0)","cli, crayon (>= 1.3.4), ellipsis (>= 0.2.0), fansi (>= 0.4.0),
lifecycle (>= 0.2.0), magrittr, methods, pillar (>= 1.4.3),
pkgconfig, rlang (>= 0.4.3), utils, vctrs (>= 0.2.4)",NA,"bench, bit64, blob, covr, dplyr, evaluate, hms, htmltools,
import, knitr, mockr, nycflights13, purrr, rmarkdown, testthat
(>= 2.1.0), tidyr, withr",NA,"MIT + file LICENSE",NA,NA,NA,NA,"yes","4.0.0"
"tidyr","tidyr","/home/xllvr/R/x86_64-pc-linux-gnu-library/4.0","1.0.2",NA,"R (>= 3.1)","dplyr (>= 0.8.2), ellipsis (>= 0.1.0), glue, magrittr, purrr,
Rcpp, rlang, stringi, tibble (>= 2.1.1), tidyselect (>= 0.2.5),
utils, vctrs (>= 0.2.0), lifecycle","Rcpp","covr, jsonlite, knitr, repurrrsive (>= 1.0.0), rmarkdown,
readr, testthat (>= 2.1.0)",NA,"MIT + file LICENSE",NA,NA,NA,NA,"yes","4.0.0"
"tidyselect","tidyselect","/home/xllvr/R/x86_64-pc-linux-gnu-library/4.0","1.0.0",NA,"R (>= 3.2)","ellipsis, glue (>= 1.3.0), purrr (>= 0.3.2), rlang (>= 0.4.3),
vctrs (>= 0.2.2)",NA,"covr, crayon, dplyr, knitr, magrittr, rmarkdown, testthat (>=
2.3.0), tibble (>= 2.1.3), withr",NA,"GPL-3",NA,NA,NA,NA,"yes","4.0.0"
"tidyverse","tidyverse","/home/xllvr/R/x86_64-pc-linux-gnu-library/4.0","1.3.0",NA,"R (>= 3.2)","broom (>= 0.5.2), cli (>= 1.1.0), crayon (>= 1.3.4), dbplyr
(>= 1.4.2), dplyr (>= 0.8.3), forcats (>= 0.4.0), ggplot2 (>=
3.2.1), haven (>= 2.2.0), hms (>= 0.5.2), httr (>= 1.4.1),
jsonlite (>= 1.6), lubridate (>= 1.7.4), magrittr (>= 1.5),
modelr (>= 0.1.5), pillar (>= 1.4.2), purrr (>= 0.3.3), readr
(>= 1.3.1), readxl (>= 1.3.1), reprex (>= 0.3.0), rlang (>=
0.4.1), rstudioapi (>= 0.10), rvest (>= 0.3.5), stringr (>=
1.4.0), tibble (>= 2.1.3), tidyr (>= 1.0.0), xml2 (>= 1.2.2)",NA,"covr, feather, glue, knitr, rmarkdown, testthat",NA,"GPL-3 | file LICENSE",NA,NA,NA,NA,"no","4.0.0"
"timeDate","timeDate","/home/xllvr/R/x86_64-pc-linux-gnu-library/4.0","3043.102",NA,"R (>= 2.15.1), graphics, utils, stats, methods",NA,NA,"date, RUnit",NA,"GPL (>= 2)",NA,NA,NA,NA,"no","4.0.0"
"timeSeries","timeSeries","/home/xllvr/R/x86_64-pc-linux-gnu-library/4.0","3062.100",NA,"R (>= 2.10), graphics, grDevices, stats, methods, utils,
timeDate (>= 2150.95)",NA,NA,"RUnit, robustbase, xts, PerformanceAnalytics, fTrading",NA,"GPL (>= 2)",NA,NA,NA,NA,"no","4.0.0"
"tinytex","tinytex","/home/xllvr/R/x86_64-pc-linux-gnu-library/4.0","0.22",NA,NA,"xfun (>= 0.5)",NA,"testit, rstudioapi",NA,"MIT + file LICENSE",NA,NA,NA,NA,"no","4.0.0"
"tis","tis","/home/xllvr/R/x86_64-pc-linux-gnu-library/4.0","1.38",NA,"R (>= 2.3)",NA,NA,"reshape, scales","zoo, ggplot2, graphics","Unlimited",NA,NA,NA,NA,"yes","4.0.0"
"urca","urca","/home/xllvr/R/x86_64-pc-linux-gnu-library/4.0","1.3-0",NA,"R (>= 2.0.0), methods","nlme, graphics, stats",NA,NA,NA,"GPL (>= 2)",NA,NA,NA,NA,"yes","4.0.0"
"utf8","utf8","/home/xllvr/R/x86_64-pc-linux-gnu-library/4.0","1.1.4",NA,"R (>= 2.10)",NA,NA,"knitr, rmarkdown, testthat",NA,"Apache License (== 2.0) | file LICENSE",NA,NA,NA,NA,"yes","4.0.0"
"vctrs","vctrs","/home/xllvr/R/x86_64-pc-linux-gnu-library/4.0","0.2.4",NA,"R (>= 3.2)","ellipsis (>= 0.2.0), digest, glue, rlang (>= 0.4.5)",NA,"bit64, covr, crayon, generics, knitr, pillar (>= 1.4.1),
pkgdown, rmarkdown, testthat (>= 2.3.0), tibble, xml2, zeallot",NA,"GPL-3",NA,NA,NA,NA,"yes","4.0.0"
"viridis","viridis","/home/xllvr/R/x86_64-pc-linux-gnu-library/4.0","0.5.1",NA,"R (>= 2.10), viridisLite (>= 0.3.0)","stats, ggplot2 (>= 1.0.1), gridExtra",NA,"hexbin (>= 1.27.0), scales, MASS, knitr, dichromat,
colorspace, rasterVis, httr, mapproj, vdiffr, svglite (>=
1.2.0), testthat, covr, rmarkdown, rgdal",NA,"MIT + file LICENSE",NA,NA,NA,NA,"no","4.0.0"
"viridisLite","viridisLite","/home/xllvr/R/x86_64-pc-linux-gnu-library/4.0","0.3.0",NA,"R (>= 2.10)",NA,NA,"hexbin (>= 1.27.0), ggplot2 (>= 1.0.1), testthat, covr",NA,"MIT + file LICENSE",NA,NA,NA,NA,"no","4.0.0"
"warp","warp","/home/xllvr/R/x86_64-pc-linux-gnu-library/4.0","0.1.0",NA,"R (>= 3.2)",NA,NA,"covr, testthat (>= 2.1.0), knitr, rmarkdown",NA,"MIT + file LICENSE",NA,NA,NA,NA,"yes","4.0.0"
"weights","weights","/home/xllvr/R/x86_64-pc-linux-gnu-library/4.0","1.0.1",NA,"Hmisc, gdata, mice",NA,NA,NA,NA,"GPL (>= 2)",NA,NA,NA,NA,"yes","4.0.0"
"whisker","whisker","/home/xllvr/R/x86_64-pc-linux-gnu-library/4.0","0.4",NA,NA,NA,NA,"markdown",NA,"GPL-3",NA,NA,NA,NA,"no","4.0.0"
"withr","withr","/home/xllvr/R/x86_64-pc-linux-gnu-library/4.0","2.2.0",NA,"R (>= 3.2.0)","graphics, grDevices, stats",NA,"covr, DBI, knitr, lattice, methods, rmarkdown, RSQLite,
testthat (>= 2.1.0)",NA,"GPL (>= 2)",NA,NA,NA,NA,"no","4.0.0"
"xfun","xfun","/home/xllvr/R/x86_64-pc-linux-gnu-library/4.0","0.13",NA,NA,"stats, tools",NA,"testit, parallel, rstudioapi, tinytex, mime, markdown, knitr,
htmltools, base64enc, remotes, rmarkdown",NA,"MIT + file LICENSE",NA,NA,NA,NA,"no","4.0.0"
"xml2","xml2","/home/xllvr/R/x86_64-pc-linux-gnu-library/4.0","1.3.2",NA,"R (>= 3.1.0)","methods",NA,"covr, curl, httr, knitr, magrittr, mockery, rmarkdown,
testthat (>= 2.1.0)",NA,"GPL (>= 2)",NA,NA,NA,NA,"yes","4.0.0"
"xts","xts","/home/xllvr/R/x86_64-pc-linux-gnu-library/4.0","0.12-0",NA,"zoo (>= 1.7-12)","methods","zoo","timeSeries, timeDate, tseries, chron, fts, tis, RUnit",NA,"GPL (>= 2)",NA,NA,NA,NA,"yes","4.0.0"
"yaml","yaml","/home/xllvr/R/x86_64-pc-linux-gnu-library/4.0","2.2.1",NA,NA,NA,NA,"RUnit",NA,"BSD_3_clause + file LICENSE",NA,NA,NA,NA,"yes","4.0.0"
"zeallot","zeallot","/home/xllvr/R/x86_64-pc-linux-gnu-library/4.0","0.1.0",NA,NA,NA,NA,"testthat, knitr, rmarkdown, purrr, magrittr",NA,"MIT + file LICENSE",NA,NA,NA,NA,"no","4.0.0"
"zip","zip","/home/xllvr/R/x86_64-pc-linux-gnu-library/4.0","2.0.4",NA,NA,NA,NA,"covr, processx, R6, testthat, withr",NA,"CC0",NA,NA,NA,NA,"yes","4.0.0"
"zoo","zoo","/home/xllvr/R/x86_64-pc-linux-gnu-library/4.0","1.8-7",NA,"R (>= 3.1.0), stats","utils, graphics, grDevices, lattice (>= 0.20-27)",NA,"AER, coda, chron, fts, ggplot2 (>= 3.0.0), mondate, scales,
strucchange, timeDate, timeSeries, tis, tseries, xts",NA,"GPL-2 | GPL-3",NA,NA,NA,NA,"yes","4.0.0"
"askpass.1","askpass","/usr/lib/R/library","1.1",NA,NA,"sys (>= 2.1)",NA,"testthat",NA,"MIT + file LICENSE",NA,NA,NA,NA,"yes","3.6.2"
"assertthat.1","assertthat","/usr/lib/R/library","0.2.1",NA,NA,"tools",NA,"testthat, covr",NA,"GPL-3",NA,NA,NA,NA,"no","3.6.2"
"backports.1","backports","/usr/lib/R/library","1.1.5",NA,"R (>= 3.0.0)","utils",NA,NA,NA,"GPL-2 | GPL-3",NA,NA,NA,NA,"yes","3.6.2"
"base","base","/usr/lib/R/library","4.0.0","base",NA,NA,NA,"methods",NA,"Part of R 4.0.0",NA,NA,NA,NA,NA,"4.0.0"
"base64enc.1","base64enc","/usr/lib/R/library","0.1-3",NA,"R (>= 2.9.0)",NA,NA,NA,"png","GPL-2 | GPL-3",NA,NA,NA,NA,"yes","3.6.2"
"BH.1","BH","/usr/lib/R/library","1.72.0-2",NA,NA,NA,NA,NA,NA,"BSL-1.0",NA,NA,NA,NA,"no","3.6.2"
"boot.1","boot","/usr/lib/R/library","1.3-24","recommended","R (>= 3.0.0), graphics, stats",NA,NA,"MASS, survival",NA,"Unlimited",NA,NA,NA,NA,"no","4.0.0"
"broom.1","broom","/usr/lib/R/library","0.5.3",NA,"R (>= 3.1)","backports, dplyr, generics (>= 0.0.2), methods, nlme, purrr,
reshape2, stringr, tibble, tidyr",NA,"AER, akima, AUC, bbmle, betareg, biglm, binGroup, boot, brms,
btergm, car, caret, coda, covr, e1071, emmeans, ergm, gam (>=
1.15), gamlss, gamlss.data, gamlss.dist, geepack, ggplot2,
glmnet, gmm, Hmisc, irlba, joineRML, Kendall, knitr, ks,
Lahman, lavaan, lfe, lme4, lmodel2, lmtest, lsmeans, maps,
maptools, MASS, Matrix, mclust, mgcv, muhaz, multcomp, network,
nnet, orcutt (>= 2.2), ordinal, plm, plyr, poLCA, psych,
quantreg, rgeos, rmarkdown, robust, rsample, rstan, rstanarm,
sp, speedglm, statnet.common, survey, survival, testthat,
tseries, xergm, zoo",NA,"MIT + file LICENSE",NA,NA,NA,NA,"no","3.6.2"
"callr.1","callr","/usr/lib/R/library","3.4.0",NA,NA,"processx (>= 3.4.0), R6, utils",NA,"cliapp, covr, crayon, fansi, knitr, pingr, ps, rmarkdown,
rprojroot, spelling, testthat, tibble, withr",NA,"MIT + file LICENSE",NA,NA,NA,NA,"no","3.6.2"
"cellranger.1","cellranger","/usr/lib/R/library","1.1.0",NA,"R (>= 3.0.0)","rematch, tibble",NA,"covr, testthat (>= 1.0.0), knitr, rmarkdown",NA,"MIT + file LICENSE",NA,NA,NA,NA,"no","3.6.2"
"class.1","class","/usr/lib/R/library","7.3-16","recommended","R (>= 3.0.0), stats, utils","MASS",NA,NA,NA,"GPL-2 | GPL-3",NA,NA,NA,NA,"yes","4.0.0"
"cli.1","cli","/usr/lib/R/library","2.0.0",NA,"R (>= 2.10)","assertthat, crayon (>= 1.3.4), glue, methods, utils, fansi",NA,"callr, covr, htmlwidgets, knitr, mockery, rmarkdown,
rstudioapi, prettycode, testthat, withr",NA,"MIT + file LICENSE",NA,NA,NA,NA,"no","3.6.2"
"clipr.1","clipr","/usr/lib/R/library","0.7.0",NA,NA,"utils",NA,"covr, knitr, rmarkdown, rstudioapi (>= 0.5), testthat (>=
2.0.0)",NA,"GPL-3",NA,NA,NA,NA,"no","3.6.2"
"cluster","cluster","/usr/lib/R/library","2.1.0","recommended","R (>= 3.3.0)","graphics, grDevices, stats, utils",NA,"MASS, Matrix",NA,"GPL (>= 2)",NA,NA,NA,NA,"yes","4.0.0"
"codetools","codetools","/usr/lib/R/library","0.2-16","recommended","R (>= 2.1)",NA,NA,NA,NA,"GPL",NA,NA,NA,NA,"no","4.0.0"
"colorspace.1","colorspace","/usr/lib/R/library","1.4-1",NA,"R (>= 3.0.0), methods","graphics, grDevices, stats",NA,"datasets, utils, KernSmooth, MASS, kernlab, mvtnorm, vcd,
tcltk, shiny, shinyjs, ggplot2, dplyr, scales, grid, png, jpeg,
knitr, rmarkdown, RColorBrewer, rcartocolor, scico, viridis,
wesanderson",NA,"BSD_3_clause + file LICENSE",NA,NA,NA,NA,"yes","3.6.2"
"compiler","compiler","/usr/lib/R/library","4.0.0","base",NA,NA,NA,NA,NA,"Part of R 4.0.0",NA,NA,NA,NA,NA,"4.0.0"
"crayon.1","crayon","/usr/lib/R/library","1.3.4",NA,NA,"grDevices, methods, utils",NA,"mockery, rstudioapi, testthat, withr",NA,"MIT + file LICENSE",NA,NA,NA,NA,"no","3.6.2"
"curl.1","curl","/usr/lib/R/library","4.3",NA,"R (>= 3.0.0)",NA,NA,"spelling, testthat (>= 1.0.0), knitr, jsonlite, rmarkdown,
magrittr, httpuv (>= 1.4.4), webutils",NA,"MIT + file LICENSE",NA,NA,NA,NA,"yes","3.6.2"
"datasets","datasets","/usr/lib/R/library","4.0.0","base",NA,NA,NA,NA,NA,"Part of R 4.0.0",NA,NA,NA,NA,NA,"4.0.0"
"DBI.1","DBI","/usr/lib/R/library","1.1.0",NA,"methods, R (>= 3.0.0)",NA,NA,"blob, covr, hms, knitr, magrittr, rmarkdown, rprojroot,
RSQLite (>= 1.1-2), testthat, xml2",NA,"LGPL (>= 2.1)",NA,NA,NA,NA,"no","3.6.2"
"dbplyr.1","dbplyr","/usr/lib/R/library","1.4.2",NA,"R (>= 3.1)","assertthat (>= 0.2.0), DBI (>= 1.0.0), dplyr (>= 0.8.0), glue
(>= 1.2.0), methods, purrr (>= 0.2.5), R6 (>= 2.2.2), rlang (>=
0.2.0), tibble (>= 1.4.2), tidyselect (>= 0.2.4), utils",NA,"bit64, covr, knitr, Lahman, nycflights13, RMariaDB (>=
1.0.2), rmarkdown, RMySQL (>= 0.10.11), RPostgreSQL (>= 0.4.1),
RSQLite (>= 2.1.0), testthat (>= 2.0.0), withr (>= 2.1.2)",NA,"MIT + file LICENSE",NA,NA,NA,NA,"no","3.6.2"
"digest.1","digest","/usr/lib/R/library","0.6.23",NA,"R (>= 3.1.0)","utils",NA,"tinytest, knitr, rmarkdown",NA,"GPL (>= 2)",NA,NA,NA,NA,"yes","3.6.2"
"dplyr.1","dplyr","/usr/lib/R/library","0.8.3",NA,"R (>= 3.2.0)","assertthat (>= 0.2.0), glue (>= 1.3.0), magrittr (>= 1.5),
methods, pkgconfig, R6, Rcpp (>= 1.0.1), rlang (>= 0.4.0),
tibble (>= 2.0.0), tidyselect (>= 0.2.5), utils","BH, plogr (>= 0.2.0), Rcpp (>= 1.0.1)","bit64, callr, covr, crayon (>= 1.3.4), DBI, dbplyr, dtplyr,
ggplot2, hms, knitr, Lahman, lubridate, MASS, mgcv,
microbenchmark, nycflights13, rmarkdown, RMySQL, RPostgreSQL,
RSQLite, testthat, withr, broom, purrr, readr",NA,"MIT + file LICENSE",NA,NA,NA,NA,"yes","3.6.2"
"ellipsis.1","ellipsis","/usr/lib/R/library","0.3.0",NA,"R (>= 3.2)","rlang (>= 0.3.0)",NA,"covr, testthat",NA,"GPL-3",NA,NA,NA,NA,"yes","3.6.2"
"evaluate.1","evaluate","/usr/lib/R/library","0.14",NA,"R (>= 3.0.2)","methods",NA,"testthat, lattice, ggplot2",NA,"MIT + file LICENSE",NA,NA,NA,NA,"no","3.6.2"
"fansi.1","fansi","/usr/lib/R/library","0.4.0",NA,"R (>= 3.1.0)",NA,NA,"unitizer, knitr, rmarkdown",NA,"GPL (>= 2)",NA,NA,NA,NA,"yes","3.6.2"
"farver.1","farver","/usr/lib/R/library","2.0.1",NA,NA,NA,NA,"testthat (>= 2.1.0), covr",NA,"MIT + file LICENSE",NA,NA,NA,NA,"yes","3.6.2"
"forcats.1","forcats","/usr/lib/R/library","0.4.0",NA,"R (>= 3.1)","ellipsis, magrittr, rlang, tibble",NA,"covr, ggplot2, testthat, readr, knitr, rmarkdown, dplyr",NA,"GPL-3",NA,NA,NA,NA,"no","3.6.2"
"foreign.1","foreign","/usr/lib/R/library","0.8-78","recommended","R (>= 4.0.0)","methods, utils, stats",NA,NA,NA,"GPL (>= 2)",NA,NA,NA,NA,"yes","4.0.0"
"fs.1","fs","/usr/lib/R/library","1.3.1",NA,"R (>= 3.1)","methods, Rcpp","Rcpp","testthat, covr, pillar (>= 1.0.0), crayon, rmarkdown, knitr,
withr, spelling",NA,"GPL-3",NA,NA,NA,NA,"yes","3.6.2"
"generics.1","generics","/usr/lib/R/library","0.0.2",NA,"R (>= 3.1)","methods",NA,"covr, pkgload, testthat, tibble",NA,"GPL-2",NA,NA,NA,NA,"no","3.6.2"
"ggplot2.1","ggplot2","/usr/lib/R/library","3.2.1",NA,"R (>= 3.2)","digest, grDevices, grid, gtable (>= 0.1.1), lazyeval, MASS,
mgcv, reshape2, rlang (>= 0.3.0), scales (>= 0.5.0), stats,
tibble, viridisLite, withr (>= 2.0.0)",NA,"covr, dplyr, ggplot2movies, hexbin, Hmisc, knitr, lattice,
mapproj, maps, maptools, multcomp, munsell, nlme, profvis,
quantreg, rgeos, rmarkdown, rpart, sf (>= 0.7-3), svglite (>=
1.2.0.9001), testthat (>= 0.11.0), vdiffr (>= 0.3.0)","sp","GPL-2 | file LICENSE",NA,NA,NA,NA,"no","3.6.2"
"glue.1","glue","/usr/lib/R/library","1.3.1",NA,"R (>= 3.1)","methods",NA,"testthat, covr, magrittr, crayon, knitr, rmarkdown, DBI,
RSQLite, R.utils, forcats, microbenchmark, rprintf, stringr,
ggplot2, dplyr, withr",NA,"MIT + file LICENSE",NA,NA,NA,NA,"yes","3.6.2"
"graphics","graphics","/usr/lib/R/library","4.0.0","base",NA,"grDevices",NA,NA,NA,"Part of R 4.0.0",NA,NA,NA,NA,"yes","4.0.0"
"grDevices","grDevices","/usr/lib/R/library","4.0.0","base",NA,NA,NA,"KernSmooth",NA,"Part of R 4.0.0",NA,NA,NA,NA,"yes","4.0.0"
"grid","grid","/usr/lib/R/library","4.0.0","base",NA,"grDevices, utils",NA,"lattice",NA,"Part of R 4.0.0",NA,NA,NA,NA,"yes","4.0.0"
"gtable.1","gtable","/usr/lib/R/library","0.3.0",NA,"R (>= 3.0)","grid",NA,"covr, testthat, knitr, rmarkdown, ggplot2, profvis",NA,"GPL-2",NA,NA,NA,NA,"no","3.6.2"
"haven.1","haven","/usr/lib/R/library","2.2.0",NA,"R (>= 3.2)","forcats (>= 0.2.0), hms, Rcpp (>= 0.11.4), readr (>= 0.1.0),
rlang (>= 0.4.0), tibble, tidyselect","Rcpp","covr, fs, knitr, rmarkdown, testthat, pillar (>= 1.4.0), cli,
crayon",NA,"MIT + file LICENSE",NA,NA,NA,NA,"yes","3.6.2"
"highr.1","highr","/usr/lib/R/library","0.8",NA,"R (>= 3.2.3)",NA,NA,"knitr, testit",NA,"GPL",NA,NA,NA,NA,"no","3.6.2"
"hms.1","hms","/usr/lib/R/library","0.5.2",NA,NA,"methods, pkgconfig, rlang, vctrs (>= 0.2.0)",NA,"crayon, lubridate, pillar (>= 1.1.0), testthat",NA,"GPL-3",NA,NA,NA,NA,"no","3.6.2"
"htmltools.1","htmltools","/usr/lib/R/library","0.4.0",NA,"R (>= 2.14.1)","utils, digest, Rcpp, rlang","Rcpp","markdown, testthat, withr","knitr","GPL (>= 2)",NA,NA,NA,NA,"yes","3.6.2"
"httr.1","httr","/usr/lib/R/library","1.4.1",NA,"R (>= 3.2)","curl (>= 3.0.0), jsonlite, mime, openssl (>= 0.8), R6",NA,"covr, httpuv, jpeg, knitr, png, readr, rmarkdown, testthat
(>= 0.8.0), xml2",NA,"MIT + file LICENSE",NA,NA,NA,NA,"no","3.6.2"
"jsonlite.1","jsonlite","/usr/lib/R/library","1.6",NA,"methods",NA,NA,"httr, curl, plyr, testthat, knitr, rmarkdown, R.rsp, sp",NA,"MIT + file LICENSE",NA,NA,NA,NA,"yes","3.6.2"
"KernSmooth.1","KernSmooth","/usr/lib/R/library","2.23-16","recommended","R (>= 2.5.0), stats",NA,NA,"MASS",NA,"Unlimited",NA,NA,NA,NA,"yes","4.0.0"
"knitr.1","knitr","/usr/lib/R/library","1.26",NA,"R (>= 3.2.3)","evaluate (>= 0.10), highr, markdown, stringr (>= 0.6), yaml
(>= 2.1.19), methods, xfun, tools",NA,"formatR, testit, digest, rgl (>= 0.95.1201), codetools,
rmarkdown, htmlwidgets (>= 0.7), webshot, tikzDevice (>= 0.10),
tinytex, reticulate (>= 1.4), JuliaCall (>= 0.11.1), magick,
png, jpeg, gifski, xml2 (>= 1.2.0), httr, DBI (>= 0.4-1),
showtext, tibble, sass, styler (>= 1.2.0)",NA,"GPL",NA,NA,NA,NA,"no","3.6.2"
"labeling.1","labeling","/usr/lib/R/library","0.3",NA,NA,NA,NA,NA,NA,"MIT + file LICENSE | Unlimited",NA,NA,NA,NA,"no","3.6.2"
"lattice","lattice","/usr/lib/R/library","0.20-41","recommended","R (>= 3.0.0)","grid, grDevices, graphics, stats, utils",NA,"KernSmooth, MASS, latticeExtra","chron","GPL (>= 2)",NA,NA,NA,NA,"yes","4.0.0"
"lazyeval.1","lazyeval","/usr/lib/R/library","0.2.2",NA,"R (>= 3.1.0)",NA,NA,"knitr, rmarkdown (>= 0.2.65), testthat, covr",NA,"GPL-3",NA,NA,NA,NA,"yes","3.6.2"
"lifecycle.1","lifecycle","/usr/lib/R/library","0.1.0",NA,"R (>= 3.2)","glue, rlang (>= 0.4.0)",NA,"covr, crayon, knitr, rmarkdown, testthat (>= 2.1.0)",NA,"GPL-3",NA,NA,NA,NA,"no","3.6.2"
"lubridate.1","lubridate","/usr/lib/R/library","1.7.4",NA,"methods, R (>= 3.0.0)","stringr, Rcpp (>= 0.12.13),","Rcpp,","testthat, knitr, covr","chron, fts, timeSeries, timeDate, tis, tseries, xts, zoo","GPL (>= 2)",NA,NA,NA,NA,"yes","3.6.2"
"magrittr.1","magrittr","/usr/lib/R/library","1.5",NA,NA,NA,NA,"testthat, knitr",NA,"MIT + file LICENSE",NA,NA,NA,NA,"no","3.6.2"
"markdown.1","markdown","/usr/lib/R/library","1.1",NA,"R (>= 2.11.1)","utils, xfun, mime (>= 0.3)",NA,"knitr, RCurl",NA,"GPL-2",NA,NA,NA,NA,"yes","3.6.2"
"MASS.1","MASS","/usr/lib/R/library","7.3-51.5","recommended","R (>= 3.1.0), grDevices, graphics, stats, utils","methods",NA,"lattice, nlme, nnet, survival",NA,"GPL-2 | GPL-3",NA,NA,NA,NA,"yes","4.0.0"
"Matrix","Matrix","/usr/lib/R/library","1.2-18","recommended","R (>= 3.2.0)","methods, graphics, grid, stats, utils, lattice",NA,"expm, MASS","MatrixModels, graph, SparseM, sfsmisc","GPL (>= 2) | file LICENCE",NA,NA,NA,NA,"yes","4.0.0"
"methods","methods","/usr/lib/R/library","4.0.0","base",NA,"utils, stats",NA,"codetools",NA,"Part of R 4.0.0",NA,NA,NA,NA,"yes","4.0.0"
"mgcv","mgcv","/usr/lib/R/library","1.8-31","recommended","R (>= 2.14.0), nlme (>= 3.1-64)","methods, stats, graphics, Matrix, splines, utils",NA,"parallel, survival, MASS",NA,"GPL (>= 2)",NA,NA,NA,NA,"yes","4.0.0"
"mime.1","mime","/usr/lib/R/library","0.8",NA,NA,"tools",NA,NA,NA,"GPL",NA,NA,NA,NA,"yes","3.6.2"
"modelr.1","modelr","/usr/lib/R/library","0.1.5",NA,"R (>= 3.2)","broom, dplyr, magrittr, purrr (>= 0.2.2), rlang (>= 0.2.0),
tibble, tidyr (>= 0.8.0)",NA,"compiler, covr, ggplot2, testthat",NA,"GPL-3",NA,NA,NA,NA,"no","3.6.2"
"munsell.1","munsell","/usr/lib/R/library","0.5.0",NA,NA,"colorspace, methods",NA,"ggplot2, testthat",NA,"MIT + file LICENSE",NA,NA,NA,NA,"no","3.6.2"
"nlme","nlme","/usr/lib/R/library","3.1-147","recommended","R (>= 3.4.0)","graphics, stats, utils, lattice",NA,"Hmisc, MASS",NA,"GPL (>= 2) | file LICENCE",NA,NA,NA,NA,"yes","4.0.0"
"nnet.1","nnet","/usr/lib/R/library","7.3-13","recommended","R (>= 3.0.0), stats, utils",NA,NA,"MASS",NA,"GPL-2 | GPL-3",NA,NA,NA,NA,"yes","4.0.0"
"openssl.1","openssl","/usr/lib/R/library","1.4.1",NA,NA,"askpass",NA,"testthat, digest, knitr, rmarkdown, jsonlite, jose, sodium",NA,"MIT + file LICENSE",NA,NA,NA,NA,"yes","3.6.2"
"parallel","parallel","/usr/lib/R/library","4.0.0","base",NA,"tools, compiler",NA,"methods","snow, nws, Rmpi","Part of R 4.0.0",NA,NA,NA,NA,"yes","4.0.0"
"pillar.1","pillar","/usr/lib/R/library","1.4.3",NA,NA,"cli, crayon (>= 1.3.4), fansi, rlang (>= 0.3.0), utf8 (>=
1.1.0), vctrs (>= 0.2.0)",NA,"knitr, lubridate, testthat (>= 2.0.0), withr",NA,"GPL-3",NA,NA,NA,NA,"no","3.6.2"
"pkgconfig.1","pkgconfig","/usr/lib/R/library","2.0.3",NA,NA,"utils",NA,"covr, testthat, disposables (>= 1.0.3)",NA,"MIT + file LICENSE",NA,NA,NA,NA,"no","3.6.2"
"plogr.1","plogr","/usr/lib/R/library","0.2.0",NA,NA,NA,NA,"Rcpp",NA,"MIT + file LICENSE",NA,NA,NA,NA,"no","3.6.2"
"plyr.1","plyr","/usr/lib/R/library","1.8.5",NA,"R (>= 3.1.0)","Rcpp (>= 0.11.0)","Rcpp","abind, covr, doParallel, foreach, iterators, itertools,
tcltk, testthat",NA,"MIT + file LICENSE",NA,NA,NA,NA,"yes","3.6.2"
"prettyunits.1","prettyunits","/usr/lib/R/library","1.0.2",NA,NA,"magrittr, assertthat, methods",NA,"testthat",NA,"MIT + file LICENSE",NA,NA,NA,NA,"no","3.6.2"
"processx.1","processx","/usr/lib/R/library","3.4.1",NA,NA,"ps (>= 1.2.0), R6, utils",NA,"callr (>= 3.2.0), codetools, covr, crayon, curl, debugme,
parallel, testthat, withr",NA,"MIT + file LICENSE",NA,NA,NA,NA,"yes","3.6.2"
"progress.1","progress","/usr/lib/R/library","1.2.2",NA,NA,"hms, prettyunits, R6, crayon",NA,"Rcpp, testthat, withr",NA,"MIT + file LICENSE",NA,NA,NA,NA,"no","3.6.2"
"ps.1","ps","/usr/lib/R/library","1.3.0",NA,"R (>= 3.1)","utils",NA,"callr, covr, curl, pingr, processx (>= 3.1.0), R6, rlang,
testthat, tibble",NA,"BSD_3_clause + file LICENSE",NA,NA,NA,NA,"yes","3.6.2"
"purrr.1","purrr","/usr/lib/R/library","0.3.3",NA,"R (>= 3.2)","magrittr (>= 1.5), rlang (>= 0.3.1)",NA,"covr, crayon, dplyr (>= 0.7.8), knitr, rmarkdown, testthat,
tibble, tidyselect",NA,"GPL-3 | file LICENSE",NA,NA,NA,NA,"yes","3.6.2"
"R6.1","R6","/usr/lib/R/library","2.4.1",NA,"R (>= 3.0)",NA,NA,"knitr, microbenchmark, pryr, testthat, ggplot2, scales",NA,"MIT + file LICENSE",NA,NA,NA,NA,"no","3.6.2"
"RColorBrewer.1","RColorBrewer","/usr/lib/R/library","1.1-2",NA,"R (>= 2.0.0)",NA,NA,NA,NA,"Apache License 2.0",NA,NA,NA,NA,"no","3.6.2"
"Rcpp.1","Rcpp","/usr/lib/R/library","1.0.3",NA,"R (>= 3.0.0)","methods, utils",NA,"RUnit, inline, rbenchmark, knitr, rmarkdown, pinp, pkgKitten
(>= 0.1.2)",NA,"GPL (>= 2)",NA,NA,NA,NA,"yes","3.6.2"
"readr.1","readr","/usr/lib/R/library","1.3.1",NA,"R (>= 3.1)","Rcpp (>= 0.12.0.5), tibble, hms (>= 0.4.1), R6, clipr, crayon,
methods","Rcpp, BH","curl, testthat, knitr, rmarkdown, stringi, covr, spelling",NA,"GPL (>= 2) | file LICENSE",NA,NA,NA,NA,"yes","3.6.2"
"readxl.1","readxl","/usr/lib/R/library","1.3.1",NA,NA,"cellranger, Rcpp (>= 0.12.18), tibble (>= 1.3.1), utils","progress, Rcpp","covr, knitr, rmarkdown, rprojroot (>= 1.1), testthat",NA,"GPL-3",NA,NA,NA,NA,"yes","3.6.2"
"rematch.1","rematch","/usr/lib/R/library","1.0.1",NA,NA,NA,NA,"covr, testthat",NA,"MIT + file LICENSE",NA,NA,NA,NA,"no","3.6.2"
"reprex.1","reprex","/usr/lib/R/library","0.3.0",NA,"R (>= 3.1)","callr (>= 2.0.0), clipr (>= 0.4.0), fs, rlang, rmarkdown,
utils, whisker, withr",NA,"covr, devtools, fortunes, knitr, miniUI, rprojroot,
rstudioapi, shiny, styler (>= 1.0.2), testthat (>= 2.0.0)",NA,"MIT + file LICENSE",NA,NA,NA,NA,"no","3.6.2"
"reshape2.1","reshape2","/usr/lib/R/library","1.4.3",NA,"R (>= 3.1)","plyr (>= 1.8.1), Rcpp, stringr","Rcpp","covr, lattice, testthat (>= 0.8.0)",NA,"MIT + file LICENSE",NA,NA,NA,NA,"yes","3.6.2"
"rlang.1","rlang","/usr/lib/R/library","0.4.2",NA,"R (>= 3.2.0)",NA,NA,"cli, covr, crayon, magrittr, methods, pillar, rmarkdown,
testthat (>= 2.3.0)",NA,"GPL-3",NA,NA,NA,NA,"yes","3.6.2"
"rmarkdown.1","rmarkdown","/usr/lib/R/library","2.0",NA,"R (>= 3.0)","tools, utils, knitr (>= 1.22), yaml (>= 2.1.19), htmltools (>=
0.3.5), evaluate (>= 0.13), base64enc, jsonlite, mime, tinytex
(>= 0.11), xfun, methods, stringr (>= 1.2.0)",NA,"shiny (>= 0.11), tufte, testthat, digest, dygraphs, tibble,
fs, pkgdown, callr (>= 2.0.0)",NA,"GPL-3",NA,NA,NA,NA,"no","3.6.2"
"rpart","rpart","/usr/lib/R/library","4.1-15","recommended","R (>= 2.15.0), graphics, stats, grDevices",NA,NA,"survival",NA,"GPL-2 | GPL-3",NA,NA,NA,NA,"yes","4.0.0"
"rstudioapi.1","rstudioapi","/usr/lib/R/library","0.10",NA,NA,NA,NA,"testthat, knitr, rmarkdown",NA,"MIT + file LICENSE",NA,NA,NA,NA,"no","3.6.2"
"rvest.1","rvest","/usr/lib/R/library","0.3.5",NA,"R (>= 3.2), xml2","httr (>= 0.5), magrittr, selectr",NA,"covr, knitr, png, rmarkdown, spelling, stringi (>= 0.3.1),
testthat",NA,"GPL-3",NA,NA,NA,NA,"no","3.6.2"
"scales.1","scales","/usr/lib/R/library","1.1.0",NA,"R (>= 3.2)","farver (>= 2.0.0), labeling, munsell (>= 0.5), R6,
RColorBrewer, viridisLite, lifecycle",NA,"bit64, covr, dichromat, hms, testthat (>= 2.1.0), ggplot2",NA,"MIT + file LICENSE",NA,NA,NA,NA,"no","3.6.2"
"selectr.1","selectr","/usr/lib/R/library","0.4-2",NA,"R (>= 3.0)","methods, stringr, R6",NA,"testthat, XML, xml2",NA,"BSD_3_clause + file LICENCE",NA,NA,NA,NA,"no","3.6.2"
"spatial.1","spatial","/usr/lib/R/library","7.3-11","recommended","R (>= 3.0.0), graphics, stats, utils",NA,NA,"MASS",NA,"GPL-2 | GPL-3",NA,NA,NA,NA,"yes","4.0.0"
"splines","splines","/usr/lib/R/library","4.0.0","base",NA,"graphics, stats",NA,"Matrix, methods",NA,"Part of R 4.0.0",NA,NA,NA,NA,"yes","4.0.0"
"stats","stats","/usr/lib/R/library","4.0.0","base",NA,"utils, grDevices, graphics",NA,"MASS, Matrix, SuppDists, methods, stats4",NA,"Part of R 4.0.0",NA,NA,NA,NA,"yes","4.0.0"
"stats4","stats4","/usr/lib/R/library","4.0.0","base",NA,"graphics, methods, stats",NA,NA,NA,"Part of R 4.0.0",NA,NA,NA,NA,NA,"4.0.0"
"stringi.1","stringi","/usr/lib/R/library","1.4.3",NA,"R (>= 2.14)","tools, utils, stats",NA,NA,NA,"file LICENSE","yes",NA,NA,NA,"yes","3.6.2"
"stringr.1","stringr","/usr/lib/R/library","1.4.0",NA,"R (>= 3.1)","glue (>= 1.2.0), magrittr, stringi (>= 1.1.7)",NA,"covr, htmltools, htmlwidgets, knitr, rmarkdown, testthat",NA,"GPL-2 | file LICENSE",NA,NA,NA,NA,"no","3.6.2"
"survival","survival","/usr/lib/R/library","3.1-12","recommended","R (>= 3.4.0)","graphics, Matrix, methods, splines, stats, utils",NA,NA,NA,"LGPL (>= 2)",NA,NA,NA,NA,"yes","4.0.0"
"sys.1","sys","/usr/lib/R/library","3.3",NA,NA,NA,NA,"unix (>= 1.4), spelling, testthat",NA,"MIT + file LICENSE",NA,NA,NA,NA,"yes","3.6.2"
"tcltk","tcltk","/usr/lib/R/library","4.0.0","base",NA,"utils",NA,NA,NA,"Part of R 4.0.0",NA,NA,NA,NA,"yes","4.0.0"
"tibble.1","tibble","/usr/lib/R/library","2.1.3",NA,"R (>= 3.1.0)","cli, crayon (>= 1.3.4), fansi (>= 0.4.0), methods, pillar (>=
1.3.1), pkgconfig, rlang (>= 0.3.0), utils",NA,"bench, covr, dplyr, htmltools, import, knitr, mockr,
nycflights13, rmarkdown, testthat, withr",NA,"MIT + file LICENSE",NA,NA,NA,NA,"yes","3.6.2"
"tidyr.1","tidyr","/usr/lib/R/library","1.0.0",NA,"R (>= 3.1)","dplyr (>= 0.8.2), ellipsis (>= 0.1.0), glue, magrittr, purrr,
Rcpp, rlang, stringi, tibble (>= 2.1.1), tidyselect (>= 0.2.5),
utils, vctrs (>= 0.2.0), lifecycle","Rcpp","covr, jsonlite, knitr, repurrrsive (>= 1.0.0), rmarkdown,
readr, testthat (>= 2.1.0)",NA,"MIT + file LICENSE",NA,NA,NA,NA,"yes","3.6.2"
"tidyselect.1","tidyselect","/usr/lib/R/library","0.2.5",NA,"R (>= 3.1)","glue (>= 1.3.0), purrr, rlang (>= 0.2.2), Rcpp (>= 0.12.0)","Rcpp (>= 0.12.0),","covr, dplyr, testthat",NA,"GPL-3",NA,NA,NA,NA,"yes","3.6.2"
"tidyverse.1","tidyverse","/usr/lib/R/library","1.3.0",NA,"R (>= 3.2)","broom (>= 0.5.2), cli (>= 1.1.0), crayon (>= 1.3.4), dbplyr
(>= 1.4.2), dplyr (>= 0.8.3), forcats (>= 0.4.0), ggplot2 (>=
3.2.1), haven (>= 2.2.0), hms (>= 0.5.2), httr (>= 1.4.1),
jsonlite (>= 1.6), lubridate (>= 1.7.4), magrittr (>= 1.5),
modelr (>= 0.1.5), pillar (>= 1.4.2), purrr (>= 0.3.3), readr
(>= 1.3.1), readxl (>= 1.3.1), reprex (>= 0.3.0), rlang (>=
0.4.1), rstudioapi (>= 0.10), rvest (>= 0.3.5), stringr (>=
1.4.0), tibble (>= 2.1.3), tidyr (>= 1.0.0), xml2 (>= 1.2.2)",NA,"covr, feather, glue, knitr, rmarkdown, testthat",NA,"GPL-3 | file LICENSE",NA,NA,NA,NA,"no","3.6.2"
"tinytex.1","tinytex","/usr/lib/R/library","0.18",NA,NA,"xfun (>= 0.5)",NA,"testit, rstudioapi",NA,"MIT + file LICENSE",NA,NA,NA,NA,"no","3.6.2"
"tools","tools","/usr/lib/R/library","4.0.0","base",NA,NA,NA,"codetools, methods, xml2, curl, commonmark",NA,"Part of R 4.0.0",NA,NA,NA,NA,"yes","4.0.0"
"utf8.1","utf8","/usr/lib/R/library","1.1.4",NA,"R (>= 2.10)",NA,NA,"knitr, rmarkdown, testthat",NA,"Apache License (== 2.0) | file LICENSE",NA,NA,NA,NA,"yes","3.6.2"
"utils","utils","/usr/lib/R/library","4.0.0","base",NA,NA,NA,"methods, xml2, commonmark",NA,"Part of R 4.0.0",NA,NA,NA,NA,"yes","4.0.0"
"vctrs.1","vctrs","/usr/lib/R/library","0.2.1",NA,"R (>= 3.2)","backports, ellipsis (>= 0.2.0), digest, glue, rlang (>=
0.4.0), zeallot",NA,"bit64, covr, crayon, generics, knitr, pillar (>= 1.4.1),
pkgdown, rmarkdown, testthat, tibble",NA,"GPL-3",NA,NA,NA,NA,"yes","3.6.2"
"viridisLite.1","viridisLite","/usr/lib/R/library","0.3.0",NA,"R (>= 2.10)",NA,NA,"hexbin (>= 1.27.0), ggplot2 (>= 1.0.1), testthat, covr",NA,"MIT + file LICENSE",NA,NA,NA,NA,"no","3.6.2"
"whisker.1","whisker","/usr/lib/R/library","0.4",NA,NA,NA,NA,"markdown",NA,"GPL-3",NA,NA,NA,NA,"no","3.6.2"
"withr.1","withr","/usr/lib/R/library","2.1.2",NA,"R (>= 3.0.2)","stats, graphics, grDevices",NA,"testthat, covr, lattice, DBI, RSQLite, methods, knitr,
rmarkdown",NA,"GPL (>= 2)",NA,NA,NA,NA,"no","3.6.2"
"xfun.1","xfun","/usr/lib/R/library","0.11",NA,NA,"stats, tools",NA,"testit, parallel, rstudioapi, tinytex, mime, markdown, knitr,
htmltools, base64enc, remotes, rmarkdown",NA,"MIT + file LICENSE",NA,NA,NA,NA,"no","3.6.2"
"xml2.1","xml2","/usr/lib/R/library","1.2.2",NA,"R (>= 3.1.0)","Rcpp, methods","Rcpp (>= 0.12.12)","covr, curl, httr, knitr, magrittr, mockery, rmarkdown,
testthat (>= 2.1.0)",NA,"GPL (>= 2)",NA,NA,NA,NA,"yes","3.6.2"
"yaml.1","yaml","/usr/lib/R/library","2.2.0",NA,NA,NA,NA,"RUnit",NA,"BSD_3_clause + file LICENSE",NA,NA,NA,NA,"yes","3.6.2"
"zeallot.1","zeallot","/usr/lib/R/library","0.1.0",NA,NA,NA,NA,"testthat, knitr, rmarkdown, purrr, magrittr",NA,"MIT + file LICENSE",NA,NA,NA,NA,"no","3.6.2"
